id;hotel_name;address;phone;token;active
1;encompassing;Lead index;1-585-893-9380 x26705;1080p;41386
2;Soft;toolset Cloned;283.750.0685 x1671;connecting Small;93069
3;Pula;Mouse microchip Swaziland;(431) 629-2910;olive proactive Bacon;59230
4;Music;relationships mobile;(926) 402-1979;front-end;99758
5;Liaison transition;Salad;1-479-470-5984 x28600;Djibouti;42110
6;innovate;Account;1-539-416-6080 x7113;payment Ergonomic;2931
7;Producer payment;Berkshire Rustic;(435) 701-8321;Automotive;30965
8;Home connecting;leverage Mountains Chief;346-940-8981;Cambridgeshire Wisconsin enable;50881
9;applications;Savings;565-252-2178;Interactions;35495
10;Auto silver;Forge Checking Utah;(304) 522-5057;monitor Account;78124
