id;res_name;address;phone;token;linkweb
1;initiative;Riel projection Rubber;773-847-4163;Dynamic XML Regional;Orchestrator Marketing Frozen
2;Internal;Computer e-commerce;(627) 629-73;Optimization;Planner
3;transmit Global transitional;grey deposit deposit;878.320.3757;South;Avon architectures compress
4;Cedi leverage Plastic;Credit;846-488-6852;maroon Euro;Human RAM
5;Shoes;Producer payment;747.861.6522;Plastic Lebanon;CFA silver
6;haptic;synergies invoice open-source;607.543.4963;and quantifying Legacy;yellow Markets Maryland
7;Functionality Credit;Cotton Cotton;342.315.7149;Massachusetts;Kansas RSS reciprocal
8;invoice Small Planner;invoice cross-platform Kiribati;719-886-8659;Buckinghamshire;Vanuatu Supervisor Walk
9;Practical Chair;Keyboard fuchsia;307.755.3332;User-centric Licensed;database Maine
10;Cheese;ubiquitous;711-937-9541;FTP;Dinar Grocery
